Year,County,Yield
2024,adams,120.1
2024,green lake,168.3
2024,juneau,141.0
2024,marquette,126.0
2024,portage,159.5
2024,waupaca,140.8
2024,waushara,143.2
2024,wood,128.6
2024,calumet,135.3
2024,door,117.7
2024,fond du lac,180.1
2024,kewaunee,166.2
2024,manitowoc,161.7
2024,outagamie,158.0
2024,sheboygan,143.4
2024,winnebago,148.6
2024,clark,135.3
2024,lincoln,115.4
2024,marathon,149.1
2024,price,150.7
2024,taylor,113.4
2024,langlade,123.6
2024,marinette,144.9
2024,oconto,159.6
2024,barron,160.0
2024,burnett,124.3
2024,chippewa,181.0
2024,polk,161.0
2024,rusk,132.1
2024,sawyer,156.4
2024,washburn,153.0
2024,columbia,201.1
2024,dane,195.2
2024,dodge,177.8
2024,green,187.8
2024,jefferson,169.3
2024,rock,186.4
2024,kenosha,182.3
2024,ozaukee,154.4
2024,racine,189.6
2024,walworth,197.7
2024,washington,157.4
2024,waukesha,179.4
2024,crawford,178.3
2024,grant,202.5
2024,iowa,203.5
2024,lafayette,214.0
2024,richland,179.7
2024,sauk,155.3
2024,vernon,177.9
2024,buffalo,168.8
2024,dunn,167.8
2024,jackson,182.3
2024,la crosse,176.7
2024,monroe,182.9
2024,pepin,167.4
2024,pierce,174.5
2024,st croix,177.5
2024,trempealeau,166.7
2023,juneau,142.3
2023,marquette,159.1
2023,portage,149.6
2023,waupaca,162.4
2023,waushara,179.7
2023,wood,157.0
2023,brown,175.6
2023,calumet,172.9
2023,door,165.1
2023,fond du lac,192.5
2023,kewaunee,167.0
2023,manitowoc,171.8
2023,outagamie,163.1
2023,sheboygan,183.0
2023,winnebago,176.1
2023,clark,149.4
2023,lincoln,146.8
2023,marathon,153.8
2023,price,134.6
2023,taylor,167.1
2023,langlade,149.1
2023,marinette,161.6
2023,oconto,168.7
2023,shawano,165.1
2023,barron,150.4
2023,bayfield,122.9
2023,burnett,124.3
2023,chippewa,167.1
2023,polk,145.3
2023,rusk,155.6
2023,sawyer,133.0
2023,washburn,132.6
2023,columbia,185.1
2023,dane,196.9
2023,dodge,199.9
2023,green,185.2
2023,jefferson,180.8
2023,rock,187.2
2023,kenosha,182.5
2023,milwaukee,197.3
2023,ozaukee,182.3
2023,racine,191.5
2023,walworth,192.4
2023,washington,164.4
2023,waukesha,172.4
2023,crawford,154.5
2023,grant,207.8
2023,iowa,195.5
2023,lafayette,210.0
2023,richland,148.8
2023,sauk,158.6
2023,vernon,140.0
2023,buffalo,186.2
2023,dunn,182.9
2023,eau claire,169.0
2023,jackson,160.5
2023,la crosse,162.7
2023,monroe,157.5
2023,pepin,182.9
2023,pierce,200.0
2023,st croix,182.3
2023,trempealeau,147.1
2022,adams,173.2
2022,green lake,185.4
2022,juneau,167.6
2022,marquette,143.1
2022,portage,174.4
2022,waupaca,175.3
2022,waushara,174.7
2022,wood,167.9
2022,brown,170.9
2022,calumet,177.9
2022,door,171.4
2022,fond du lac,187.9
2022,kewaunee,171.4
2022,manitowoc,180.0
2022,outagamie,182.2
2022,sheboygan,170.3
2022,winnebago,172.0
2022,clark,148.8
2022,lincoln,139.2
2022,marathon,149.0
2022,price,122.6
2022,taylor,139.1
2022,langlade,149.8
2022,marinette,133.1
2022,oconto,151.2
2022,shawano,170.5
2022,barron,155.9
2022,bayfield,115.6
2022,burnett,135.3
2022,chippewa,162.0
2022,polk,156.2
2022,rusk,152.4
2022,sawyer,151.9
2022,washburn,158.9
2022,columbia,192.0
2022,dane,197.4
2022,dodge,197.0
2022,green,199.1
2022,jefferson,190.4
2022,rock,204.8
2022,kenosha,180.7
2022,milwaukee,189.1
2022,ozaukee,182.0
2022,racine,179.3
2022,walworth,197.1
2022,washington,175.3
2022,waukesha,181.1
2022,crawford,184.6
2022,grant,211.4
2022,iowa,188.1
2022,lafayette,217.6
2022,richland,179.5
2022,sauk,179.8
2022,vernon,172.4
2022,buffalo,176.9
2022,dunn,170.8
2022,eau claire,151.2
2022,jackson,161.3
2022,la crosse,171.9
2022,monroe,162.5
2022,pepin,172.0
2022,pierce,181.3
2022,st croix,166.0
2022,trempealeau,167.0
2021,adams,128.8
2021,green lake,178.4
2021,juneau,155.3
2021,marquette,141.5
2021,portage,167.0
2021,waupaca,171.7
2021,waushara,187.8
2021,wood,172.1
2021,brown,173.9
2021,calumet,186.6
2021,door,176.0
2021,fond du lac,194.5
2021,kewaunee,182.4
2021,manitowoc,189.4
2021,outagamie,181.4
2021,sheboygan,178.4
2021,winnebago,173.3
2021,clark,162.7
2021,lincoln,159.7
2021,marathon,156.7
2021,price,126.8
2021,taylor,174.3
2021,langlade,166.5
2021,marinette,169.6
2021,oconto,168.7
2021,shawano,176.2
2021,barron,169.1
2021,bayfield,126.2
2021,burnett,137.7
2021,chippewa,170.3
2021,polk,159.8
2021,rusk,161.4
2021,sawyer,150.9
2021,washburn,167.3
2021,columbia,191.7
2021,dane,192.4
2021,dodge,199.5
2021,green,196.7
2021,jefferson,183.8
2021,rock,194.4
2021,kenosha,175.1
2021,milwaukee,185.7
2021,ozaukee,187.7
2021,racine,181.2
2021,walworth,178.7
2021,washington,179.8
2021,waukesha,184.4
2021,crawford,178.5
2021,grant,208.3
2021,iowa,189.3
2021,lafayette,210.9
2021,richland,164.8
2021,sauk,171.3
2021,vernon,169.3
2021,buffalo,170.3
2021,dunn,190.4
2021,eau claire,177.9
2021,jackson,178.2
2021,la crosse,172.3
2021,monroe,146.3
2021,pepin,176.8
2021,pierce,185.9
2021,st croix,171.7
2021,trempealeau,164.9
2020,adams,124.8
2020,green lake,165.4
2020,juneau,156.7
2020,marquette,126.2
2020,portage,146.9
2020,waupaca,159.4
2020,waushara,151.8
2020,wood,160.9
2020,brown,157.5
2020,calumet,164.8
2020,door,124.6
2020,fond du lac,177.7
2020,kewaunee,152.0
2020,manitowoc,156.5
2020,outagamie,173.4
2020,sheboygan,161.3
2020,winnebago,149.9
2020,clark,167.2
2020,lincoln,136.4
2020,marathon,136.3
2020,price,119.6
2020,taylor,146.9
2020,langlade,139.1
2020,marinette,140.8
2020,oconto,149.7
2020,shawano,152.1
2020,barron,165.7
2020,bayfield,128.9
2020,burnett,143.5
2020,chippewa,163.4
2020,polk,170.3
2020,rusk,136.1
2020,sawyer,143.2
2020,washburn,158.1
2020,columbia,181.2
2020,dane,187.8
2020,dodge,200.4
2020,green,194.0
2020,jefferson,172.8
2020,rock,193.4
2020,kenosha,177.7
2020,milwaukee,191.1
2020,ozaukee,151.7
2020,racine,180.7
2020,walworth,190.5
2020,washington,171.0
2020,waukesha,166.2
2020,crawford,169.5
2020,grant,190.0
2020,iowa,191.5
2020,lafayette,204.0
2020,richland,163.2
2020,sauk,168.9
2020,vernon,176.0
2020,buffalo,170.9
2020,dunn,170.2
2020,eau claire,168.5
2020,jackson,164.4
2020,la crosse,168.0
2020,monroe,154.2
2020,pepin,168.4
2020,pierce,186.4
2020,st croix,182.7
2020,trempealeau,161.6
2019,adams,116.8
2019,green lake,187.2
2019,juneau,150.5
2019,marquette,138.0
2019,portage,170.6
2019,waupaca,138.8
2019,waushara,172.0
2019,wood,141.0
2019,door,132.5
2019,fond du lac,183.6
2019,manitowoc,163.0
2019,outagamie,127.5
2019,sheboygan,183.2
2019,winnebago,140.2
2019,clark,121.6
2019,price,125.0
2019,marinette,126.9
2019,oconto,118.8
2019,shawano,131.1
2019,barron,133.2
2019,burnett,119.6
2019,chippewa,152.0
2019,polk,148.5
2019,rusk,111.1
2019,washburn,155.1
2019,columbia,166.8
2019,dane,178.7
2019,dodge,170.9
2019,green,186.8
2019,jefferson,174.3
2019,rock,198.1
2019,ozaukee,154.6
2019,racine,161.0
2019,walworth,174.1
2019,washington,166.7
2019,waukesha,169.3
2019,crawford,159.4
2019,grant,196.0
2019,iowa,190.2
2019,lafayette,194.3
2019,richland,151.8
2019,sauk,152.6
2019,vernon,155.3
2019,buffalo,156.8
2019,dunn,177.2
2019,eau claire,161.9
2019,jackson,160.6
2019,la crosse,171.4
2019,monroe,156.8
2019,pepin,174.1
2019,pierce,173.5
2019,st croix,178.8
2019,trempealeau,158.3
2018,green lake,168.2
2018,juneau,158.8
2018,portage,168.1
2018,waupaca,156.8
2018,waushara,163.4
2018,wood,155.7
2018,calumet,158.8
2018,fond du lac,183.8
2018,manitowoc,177.8
2018,outagamie,174.7
2018,sheboygan,156.4
2018,winnebago,160.4
2018,clark,112.3
2018,lincoln,135.8
2018,marathon,150.4
2018,langlade,118.2
2018,marinette,135.2
2018,oconto,143.9
2018,shawano,153.4
2018,barron,161.7
2018,burnett,127.9
2018,chippewa,146.6
2018,polk,164.0
2018,rusk,143.7
2018,sawyer,127.8
2018,washburn,170.6
2018,columbia,185.7
2018,dane,188.9
2018,dodge,191.6
2018,rock,184.2
2018,racine,172.8
2018,walworth,194.1
2018,washington,165.9
2018,waukesha,182.0
2018,crawford,166.2
2018,grant,202.7
2018,iowa,190.4
2018,lafayette,197.3
2018,richland,164.9
2018,sauk,172.8
2018,vernon,164.7
2018,buffalo,169.5
2018,dunn,173.7
2018,eau claire,159.2
2018,jackson,151.1
2018,la crosse,170.0
2018,monroe,149.6
2018,pepin,173.3
2018,pierce,189.2
2018,st croix,162.9
2018,trempealeau,156.7
2017,adams,114.3
2017,green lake,182.6
2017,juneau,164.5
2017,marquette,145.9
2017,portage,162.7
2017,waupaca,165.7
2017,waushara,161.5
2017,wood,138.5
2017,calumet,173.1
2017,door,146.9
2017,fond du lac,182.7
2017,manitowoc,177.7
2017,outagamie,166.7
2017,sheboygan,169.3
2017,winnebago,164.0
2017,ashland,82.6
2017,clark,144.9
2017,lincoln,128.7
2017,marathon,157.2
2017,taylor,111.9
2017,oconto,146.5
2017,shawano,166.6
2017,barron,152.4
2017,burnett,148.6
2017,chippewa,162.9
2017,polk,158.7
2017,washburn,152.3
2017,columbia,193.5
2017,dane,191.4
2017,dodge,187.7
2017,green,192.5
2017,jefferson,173.4
2017,rock,194.8
2017,kenosha,168.1
2017,racine,175.6
2017,walworth,175.8
2017,washington,177.8
2017,waukesha,181.5
2017,crawford,167.9
2017,grant,191.3
2017,iowa,169.4
2017,lafayette,206.0
2017,richland,158.0
2017,sauk,169.7
2017,vernon,159.6
2017,buffalo,167.8
2017,dunn,180.5
2017,eau claire,162.6
2017,jackson,166.5
2017,la crosse,166.5
2017,monroe,161.8
2017,pepin,176.0
2017,pierce,194.7
2017,st croix,174.8
2017,trempealeau,162.9
2016,adams,132.2
2016,green lake,184.3
2016,juneau,177.4
2016,marquette,150.8
2016,portage,162.7
2016,waupaca,157.9
2016,waushara,165.4
2016,wood,157.1
2016,brown,174.0
2016,fond du lac,186.1
2016,kewaunee,170.6
2016,manitowoc,178.0
2016,outagamie,185.2
2016,sheboygan,168.4
2016,winnebago,156.2
2016,clark,154.7
2016,marathon,148.2
2016,taylor,152.7
2016,oconto,153.4
2016,shawano,164.5
2016,barron,164.4
2016,burnett,143.9
2016,chippewa,161.9
2016,polk,169.3
2016,rusk,145.8
2016,sawyer,139.2
2016,washburn,154.3
2016,columbia,200.9
2016,dane,192.5
2016,dodge,187.4
2016,green,199.0
2016,jefferson,195.3
2016,rock,201.6
2016,kenosha,157.6
2016,milwaukee,145.0
2016,ozaukee,174.7
2016,racine,184.6
2016,walworth,182.0
2016,washington,178.8
2016,waukesha,180.0
2016,crawford,168.1
2016,grant,202.4
2016,iowa,187.2
2016,lafayette,203.0
2016,richland,159.4
2016,sauk,181.8
2016,vernon,174.8
2016,buffalo,169.5
2016,dunn,169.3
2016,eau claire,162.0
2016,jackson,175.1
2016,la crosse,172.0
2016,monroe,162.4
2016,pepin,170.3
2016,pierce,189.2
2016,st croix,178.9
2016,trempealeau,170.0
2015,adams,130.3
2015,green lake,179.7
2015,juneau,158.3
2015,marquette,128.4
2015,portage,149.4
2015,waupaca,153.2
2015,waushara,162.4
2015,wood,144.0
2015,brown,156.5
2015,calumet,164.8
2015,fond du lac,178.5
2015,kewaunee,157.3
2015,manitowoc,160.6
2015,outagamie,157.7
2015,sheboygan,158.3
2015,clark,140.5
2015,lincoln,134.2
2015,marathon,136.5
2015,taylor,132.5
2015,langlade,132.5
2015,marinette,130.6
2015,oconto,133.1
2015,shawano,147.5
2015,barron,151.3
2015,burnett,140.3
2015,chippewa,144.9
2015,polk,156.2
2015,rusk,114.7
2015,washburn,158.0
2015,columbia,179.8
2015,dane,183.7
2015,dodge,181.3
2015,green,170.8
2015,jefferson,170.1
2015,rock,177.1
2015,kenosha,179.5
2015,racine,180.9
2015,walworth,180.8
2015,washington,169.4
2015,waukesha,165.8
2015,crawford,146.5
2015,grant,178.9
2015,iowa,160.3
2015,lafayette,194.2
2015,richland,143.1
2015,sauk,165.3
2015,vernon,152.6
2015,buffalo,159.9
2015,dunn,160.2
2015,eau claire,158.1
2015,jackson,146.2
2015,la crosse,160.4
2015,monroe,157.9
2015,pepin,163.3
2015,pierce,179.2
2015,st croix,170.6
2015,trempealeau,157.7
2014,adams,130.3
2014,green lake,169.7
2014,juneau,147.9
2014,marquette,143.2
2014,portage,153.7
2014,waupaca,141.6
2014,waushara,182.8
2014,wood,148.6
2014,brown,142.2
2014,calumet,145.5
2014,door,120.6
2014,fond du lac,164.8
2014,kewaunee,140.6
2014,manitowoc,125.3
2014,outagamie,133.7
2014,sheboygan,142.6
2014,winnebago,145.8
2014,ashland,95.6
2014,clark,133.6
2014,lincoln,119.0
2014,marathon,124.0
2014,marinette,112.4
2014,oconto,116.2
2014,shawano,137.6
2014,barron,116.9
2014,burnett,95.0
2014,chippewa,126.8
2014,polk,112.7
2014,rusk,99.0
2014,sawyer,127.9
2014,washburn,96.7
2014,columbia,166.2
2014,dane,180.7
2014,dodge,166.0
2014,green,177.4
2014,jefferson,163.4
2014,rock,184.1
2014,kenosha,174.9
2014,milwaukee,126.4
2014,ozaukee,143.3
2014,racine,172.7
2014,walworth,187.4
2014,washington,150.6
2014,waukesha,169.9
2014,crawford,154.0
2014,grant,176.3
2014,iowa,186.7
2014,lafayette,182.4
2014,richland,155.1
2014,sauk,154.5
2014,vernon,159.2
2014,buffalo,148.3
2014,dunn,140.8
2014,eau claire,149.2
2014,jackson,149.5
2014,la crosse,167.1
2014,monroe,147.2
2014,pepin,147.7
2014,pierce,144.5
2014,st croix,135.4
2014,trempealeau,158.3
2013,adams,109.4
2013,green lake,151.6
2013,juneau,101.7
2013,marquette,110.3
2013,portage,135.7
2013,waupaca,151.4
2013,waushara,143.5
2013,wood,98.5
2013,brown,149.5
2013,calumet,140.2
2013,door,161.4
2013,fond du lac,166.8
2013,kewaunee,167.4
2013,manitowoc,150.9
2013,outagamie,153.8
2013,sheboygan,146.1
2013,winnebago,155.6
2013,ashland,115.7
2013,lincoln,134.8
2013,marathon,126.5
2013,price,105.2
2013,marinette,145.2
2013,oconto,154.4
2013,shawano,152.6
2013,barron,109.7
2013,burnett,85.3
2013,chippewa,101.9
2013,polk,103.0
2013,rusk,106.4
2013,sawyer,115.6
2013,washburn,81.9
2013,columbia,157.9
2013,dane,177.4
2013,dodge,163.0
2013,green,157.1
2013,jefferson,164.6
2013,rock,168.4
2013,kenosha,157.7
2013,racine,162.8
2013,walworth,161.3
2013,washington,132.9
2013,waukesha,153.3
2013,crawford,144.8
2013,grant,179.3
2013,iowa,158.3
2013,lafayette,169.4
2013,richland,141.9
2013,sauk,154.3
2013,vernon,138.8
2013,buffalo,141.0
2013,dunn,112.1
2013,eau claire,130.0
2013,jackson,123.8
2013,la crosse,149.1
2013,monroe,121.4
2013,pepin,134.8
2013,pierce,140.3
2013,st croix,84.6
2013,trempealeau,122.4
2012,adams,104.3
2012,green lake,97.3
2012,juneau,105.6
2012,marquette,60.0
2012,portage,118.4
2012,waupaca,128.5
2012,waushara,118.1
2012,wood,109.6
2012,brown,144.6
2012,calumet,151.2
2012,door,119.6
2012,fond du lac,120.4
2012,kewaunee,142.5
2012,manitowoc,148.5
2012,outagamie,154.3
2012,sheboygan,135.9
2012,winnebago,109.8
2012,ashland,100.0
2012,clark,120.7
2012,lincoln,116.0
2012,marathon,111.8
2012,taylor,114.5
2012,langlade,127.9
2012,marinette,130.6
2012,oconto,156.7
2012,shawano,153.1
2012,barron,135.8
2012,burnett,108.1
2012,chippewa,109.2
2012,polk,141.1
2012,rusk,107.7
2012,sawyer,140.4
2012,washburn,125.9
2012,columbia,109.7
2012,dane,110.9
2012,dodge,140.1
2012,green,76.0
2012,jefferson,114.5
2012,rock,101.7
2012,kenosha,127.3
2012,milwaukee,125.0
2012,ozaukee,132.5
2012,racine,132.2
2012,walworth,102.0
2012,washington,93.7
2012,waukesha,96.7
2012,crawford,126.8
2012,grant,104.7
2012,iowa,87.7
2012,lafayette,77.6
2012,richland,110.0
2012,sauk,113.0
2012,vernon,127.4
2012,buffalo,146.1
2012,dunn,135.8
2012,eau claire,116.0
2012,jackson,116.1
2012,la crosse,137.1
2012,monroe,122.6
2012,pepin,144.9
2012,pierce,167.1
2012,st croix,164.5
2012,trempealeau,126.8
2011,adams,129.5
2011,green lake,155.3
2011,juneau,156.6
2011,marquette,115.4
2011,portage,156.8
2011,waupaca,138.4
2011,waushara,172.9
2011,wood,148.1
2011,brown,138.7
2011,calumet,151.3
2011,door,99.3
2011,fond du lac,175.7
2011,kewaunee,124.5
2011,manitowoc,157.8
2011,outagamie,144.8
2011,sheboygan,151.8
2011,winnebago,148.1
2011,ashland,111.4
2011,clark,136.9
2011,lincoln,132.0
2011,marathon,142.1
2011,taylor,127.8
2011,marinette,120.9
2011,oconto,136.8
2011,shawano,143.2
2011,barron,145.7
2011,burnett,116.7
2011,chippewa,146.1
2011,polk,156.0
2011,rusk,123.2
2011,sawyer,138.0
2011,washburn,137.0
2011,columbia,159.6
2011,dane,162.4
2011,dodge,170.6
2011,green,163.7
2011,jefferson,157.8
2011,rock,160.4
2011,kenosha,163.1
2011,racine,151.3
2011,walworth,163.3
2011,washington,157.4
2011,waukesha,147.6
2011,crawford,144.0
2011,grant,170.1
2011,iowa,170.1
2011,lafayette,178.5
2011,richland,135.8
2011,sauk,148.4
2011,vernon,153.1
2011,buffalo,159.3
2011,dunn,156.1
2011,eau claire,147.8
2011,jackson,149.6
2011,la crosse,156.3
2011,monroe,149.1
2011,pepin,156.8
2011,pierce,164.4
2011,st croix,163.6
2011,trempealeau,153.5
2010,adams,158.4
2010,green lake,161.7
2010,juneau,152.0
2010,marquette,136.3
2010,portage,151.6
2010,waupaca,149.8
2010,waushara,145.2
2010,wood,134.5
2010,brown,135.4
2010,calumet,152.8
2010,door,141.8
2010,fond du lac,172.6
2010,kewaunee,149.6
2010,manitowoc,159.1
2010,outagamie,131.9
2010,sheboygan,151.7
2010,winnebago,138.2
2010,clark,145.5
2010,lincoln,152.9
2010,marathon,147.6
2010,price,114.8
2010,taylor,135.0
2010,marinette,155.1
2010,oconto,139.0
2010,shawano,145.8
2010,barron,161.3
2010,burnett,127.0
2010,chippewa,162.9
2010,polk,162.8
2010,rusk,142.9
2010,sawyer,152.0
2010,washburn,149.9
2010,columbia,172.7
2010,dane,177.5
2010,dodge,171.2
2010,green,169.8
2010,jefferson,159.9
2010,rock,173.8
2010,kenosha,172.1
2010,milwaukee,109.4
2010,ozaukee,156.5
2010,racine,158.9
2010,walworth,171.0
2010,washington,157.5
2010,waukesha,152.4
2010,crawford,156.7
2010,grant,178.0
2010,iowa,178.1
2010,lafayette,182.0
2010,richland,154.0
2010,sauk,154.4
2010,vernon,157.9
2010,buffalo,155.8
2010,dunn,163.2
2010,eau claire,159.8
2010,jackson,158.8
2010,la crosse,166.7
2010,monroe,156.8
2010,pepin,165.4
2010,pierce,170.4
2010,st croix,172.0
2010,trempealeau,160.2
2009,adams,158.0
2009,green lake,146.0
2009,juneau,150.0
2009,marquette,136.0
2009,portage,152.0
2009,waupaca,135.0
2009,waushara,150.0
2009,wood,139.0
2009,brown,133.0
2009,calumet,148.0
2009,door,121.0
2009,fond du lac,151.0
2009,kewaunee,137.0
2009,manitowoc,144.0
2009,outagamie,150.0
2009,sheboygan,133.0
2009,winnebago,151.0
2009,clark,139.0
2009,lincoln,111.0
2009,marathon,123.0
2009,price,118.0
2009,taylor,122.0
2009,marinette,111.0
2009,oconto,126.0
2009,shawano,134.0
2009,barron,134.0
2009,burnett,111.0
2009,chippewa,137.0
2009,polk,133.0
2009,rusk,118.0
2009,washburn,122.0
2009,columbia,163.0
2009,dane,164.0
2009,dodge,157.0
2009,green,178.0
2009,jefferson,159.0
2009,rock,165.0
2009,kenosha,152.0
2009,milwaukee,127.0
2009,ozaukee,139.0
2009,racine,155.0
2009,walworth,157.0
2009,washington,141.0
2009,waukesha,135.0
2009,crawford,151.0
2009,grant,171.0
2009,iowa,177.0
2009,lafayette,159.0
2009,richland,161.0
2009,sauk,150.0
2009,vernon,158.0
2009,buffalo,161.0
2009,dunn,163.0
2009,eau claire,149.0
2009,jackson,151.0
2009,la crosse,161.0
2009,monroe,148.0
2009,pepin,159.0
2009,pierce,176.0
2009,st croix,167.0
2009,trempealeau,156.0
2008,adams,157.0
2008,green lake,137.0
2008,juneau,128.0
2008,marquette,114.0
2008,portage,124.0
2008,waupaca,135.0
2008,waushara,131.0
2008,wood,120.0
2008,brown,114.0
2008,calumet,136.0
2008,door,119.0
2008,fond du lac,153.0
2008,kewaunee,118.0
2008,manitowoc,134.0
2008,outagamie,142.0
2008,sheboygan,131.0
2008,winnebago,129.0
2008,ashland,91.0
2008,clark,131.0
2008,lincoln,119.0
2008,marathon,117.0
2008,price,86.0
2008,taylor,132.0
2008,langlade,85.0
2008,marinette,112.0
2008,oconto,118.0
2008,shawano,103.0
2008,barron,122.0
2008,burnett,97.0
2008,chippewa,142.0
2008,polk,109.0
2008,rusk,113.0
2008,sawyer,95.0
2008,washburn,89.0
2008,columbia,144.0
2008,dane,136.0
2008,dodge,143.0
2008,green,141.0
2008,jefferson,126.0
2008,rock,146.0
2008,kenosha,141.0
2008,racine,132.0
2008,walworth,139.0
2008,washington,124.0
2008,waukesha,119.0
2008,crawford,147.0
2008,grant,165.0
2008,iowa,145.0
2008,lafayette,158.0
2008,richland,125.0
2008,sauk,125.0
2008,vernon,142.0
2008,buffalo,144.0
2008,dunn,136.0
2008,eau claire,148.0
2008,jackson,140.0
2008,la crosse,153.0
2008,monroe,135.0
2008,pepin,146.0
2008,pierce,162.0
2008,st croix,141.0
2008,trempealeau,134.0
2007,adams,119.0
2007,green lake,144.0
2007,juneau,118.0
2007,marquette,109.0
2007,portage,141.0
2007,waupaca,122.0
2007,waushara,136.0
2007,wood,125.0
2007,brown,116.0
2007,calumet,138.0
2007,door,78.0
2007,fond du lac,156.0
2007,kewaunee,127.0
2007,manitowoc,140.0
2007,outagamie,136.0
2007,sheboygan,142.0
2007,winnebago,124.0
2007,clark,104.0
2007,lincoln,111.0
2007,marathon,92.0
2007,price,92.0
2007,taylor,82.0
2007,langlade,89.0
2007,marinette,64.0
2007,oconto,97.0
2007,shawano,102.0
2007,barron,114.0
2007,burnett,84.0
2007,chippewa,80.0
2007,polk,90.0
2007,rusk,108.0
2007,sawyer,49.0
2007,washburn,75.0
2007,columbia,147.0
2007,dane,153.0
2007,dodge,151.0
2007,green,150.0
2007,jefferson,158.0
2007,rock,156.0
2007,kenosha,168.0
2007,milwaukee,122.0
2007,ozaukee,152.0
2007,racine,163.0
2007,walworth,164.0
2007,washington,139.0
2007,waukesha,143.0
2007,crawford,151.0
2007,grant,175.0
2007,iowa,157.0
2007,lafayette,173.0
2007,richland,138.0
2007,sauk,138.0
2007,vernon,127.0
2007,buffalo,128.0
2007,dunn,114.0
2007,eau claire,118.0
2007,jackson,144.0
2007,la crosse,146.0
2007,monroe,122.0
2007,pepin,135.0
2007,pierce,130.0
2007,st croix,80.0
2007,trempealeau,136.0
2006,adams,118.0
2006,green lake,139.0
2006,juneau,139.0
2006,marquette,111.0
2006,portage,139.0
2006,waupaca,124.0
2006,waushara,121.0
2006,wood,129.0
2006,brown,124.0
2006,calumet,133.0
2006,door,135.0
2006,fond du lac,149.0
2006,kewaunee,129.0
2006,manitowoc,141.0
2006,outagamie,137.0
2006,sheboygan,136.0
2006,winnebago,121.0
2006,clark,134.0
2006,lincoln,125.0
2006,marathon,119.0
2006,price,103.0
2006,taylor,128.0
2006,langlade,104.0
2006,marinette,120.0
2006,oconto,143.0
2006,shawano,146.0
2006,barron,89.0
2006,burnett,72.0
2006,chippewa,87.0
2006,polk,84.0
2006,rusk,96.0
2006,sawyer,67.0
2006,washburn,61.0
2006,columbia,156.0
2006,dane,172.0
2006,dodge,158.0
2006,green,166.0
2006,jefferson,155.0
2006,rock,159.0
2006,kenosha,151.0
2006,milwaukee,150.0
2006,ozaukee,146.0
2006,racine,164.0
2006,walworth,150.0
2006,washington,151.0
2006,waukesha,156.0
2006,crawford,158.0
2006,grant,177.0
2006,iowa,170.0
2006,lafayette,175.0
2006,richland,163.0
2006,sauk,152.0
2006,vernon,157.0
2006,buffalo,150.0
2006,dunn,100.0
2006,eau claire,139.0
2006,jackson,130.0
2006,la crosse,148.0
2006,monroe,137.0
2006,pepin,132.0
2006,pierce,142.0
2006,st croix,90.0
2006,trempealeau,128.0
2005,adams,130.0
2005,green lake,133.0
2005,juneau,145.0
2005,marquette,113.0
2005,portage,134.0
2005,waupaca,144.0
2005,waushara,156.0
2005,wood,150.0
2005,brown,141.0
2005,calumet,164.0
2005,door,93.0
2005,fond du lac,155.0
2005,kewaunee,128.0
2005,manitowoc,144.0
2005,outagamie,159.0
2005,sheboygan,120.0
2005,winnebago,145.0
2005,clark,145.0
2005,lincoln,111.0
2005,marathon,124.0
2005,price,94.0
2005,taylor,140.0
2005,langlade,102.0
2005,marinette,92.0
2005,oconto,119.0
2005,shawano,131.0
2005,barron,123.0
2005,burnett,102.0
2005,chippewa,128.0
2005,polk,140.0
2005,rusk,115.0
2005,sawyer,74.0
2005,washburn,71.0
2005,columbia,155.0
2005,dane,161.0
2005,dodge,165.0
2005,green,143.0
2005,jefferson,168.0
2005,rock,148.0
2005,kenosha,98.0
2005,milwaukee,121.0
2005,ozaukee,153.0
2005,racine,101.0
2005,walworth,131.0
2005,washington,145.0
2005,waukesha,141.0
2005,crawford,174.0
2005,grant,167.0
2005,iowa,173.0
2005,lafayette,166.0
2005,richland,169.0
2005,sauk,165.0
2005,vernon,168.0
2005,buffalo,150.0
2005,dunn,143.0
2005,eau claire,151.0
2005,jackson,156.0
2005,la crosse,161.0
2005,monroe,143.0
2005,pepin,153.0
2005,pierce,166.0
2005,st croix,158.0
2005,trempealeau,158.0
2004,adams,94.0
2004,green lake,122.0
2004,juneau,111.0
2004,marquette,91.0
2004,portage,136.0
2004,waupaca,115.0
2004,waushara,112.0
2004,wood,117.0
2004,brown,113.0
2004,calumet,122.0
2004,door,99.0
2004,fond du lac,122.0
2004,kewaunee,109.0
2004,manitowoc,112.0
2004,outagamie,105.0
2004,sheboygan,91.0
2004,winnebago,103.0
2004,clark,99.0
2004,lincoln,99.0
2004,marathon,106.0
2004,price,101.0
2004,taylor,99.0
2004,langlade,83.0
2004,marinette,85.0
2004,oconto,105.0
2004,shawano,110.0
2004,barron,109.0
2004,burnett,98.0
2004,chippewa,126.0
2004,polk,117.0
2004,rusk,109.0
2004,sawyer,76.0
2004,washburn,105.0
2004,columbia,136.0
2004,dane,163.0
2004,dodge,132.0
2004,green,173.0
2004,jefferson,146.0
2004,rock,164.0
2004,kenosha,136.0
2004,ozaukee,77.0
2004,racine,132.0
2004,walworth,150.0
2004,washington,105.0
2004,waukesha,132.0
2004,crawford,149.0
2004,grant,172.0
2004,iowa,151.0
2004,lafayette,182.0
2004,richland,142.0
2004,sauk,134.0
2004,vernon,137.0
2004,buffalo,144.0
2004,dunn,137.0
2004,eau claire,131.0
2004,jackson,132.0
2004,la crosse,144.0
2004,monroe,124.0
2004,pepin,140.0
2004,pierce,139.0
2004,st croix,137.0
2004,trempealeau,132.0
2003,adams,121.0
2003,green lake,125.0
2003,juneau,110.0
2003,marquette,97.0
2003,portage,124.0
2003,waupaca,133.0
2003,waushara,109.0
2003,wood,99.0
2003,brown,156.0
2003,calumet,157.0
2003,door,142.0
2003,fond du lac,144.0
2003,kewaunee,154.0
2003,manitowoc,141.0
2003,outagamie,153.0
2003,sheboygan,135.0
2003,winnebago,125.0
2003,clark,107.0
2003,lincoln,95.0
2003,marathon,101.0
2003,price,113.0
2003,taylor,105.0
2003,langlade,111.0
2003,marinette,134.0
2003,oconto,135.0
2003,shawano,140.0
2003,barron,114.0
2003,burnett,90.0
2003,chippewa,102.0
2003,polk,117.0
2003,rusk,91.0
2003,sawyer,80.0
2003,washburn,94.0
2003,columbia,148.0
2003,dane,135.0
2003,dodge,146.0
2003,green,134.0
2003,jefferson,132.0
2003,rock,139.0
2003,kenosha,136.0
2003,milwaukee,136.0
2003,ozaukee,130.0
2003,racine,135.0
2003,walworth,137.0
2003,washington,115.0
2003,waukesha,120.0
2003,crawford,129.0
2003,grant,139.0
2003,iowa,124.0
2003,lafayette,143.0
2003,richland,125.0
2003,sauk,127.0
2003,vernon,118.0
2003,buffalo,126.0
2003,dunn,109.0
2003,eau claire,111.0
2003,jackson,112.0
2003,la crosse,127.0
2003,monroe,116.0
2003,pepin,130.0
2003,pierce,124.0
2003,st croix,116.0
2003,trempealeau,113.0
2002,adams,110.0
2002,green lake,122.0
2002,juneau,151.0
2002,marquette,112.0
2002,portage,132.0
2002,waupaca,133.0
2002,waushara,130.0
2002,wood,142.0
2002,brown,136.0
2002,calumet,135.0
2002,door,122.0
2002,fond du lac,139.0
2002,kewaunee,126.0
2002,manitowoc,127.0
2002,outagamie,143.0
2002,sheboygan,133.0
2002,winnebago,133.0
2002,clark,124.0
2002,lincoln,118.0
2002,marathon,129.0
2002,price,122.0
2002,taylor,121.0
2002,langlade,130.0
2002,marinette,109.0
2002,oconto,112.0
2002,shawano,133.0
2002,barron,142.0
2002,burnett,131.0
2002,chippewa,133.0
2002,polk,145.0
2002,rusk,120.0
2002,sawyer,124.0
2002,washburn,121.0
2002,columbia,133.0
2002,dane,135.0
2002,dodge,143.0
2002,green,121.0
2002,jefferson,124.0
2002,rock,118.0
2002,kenosha,105.0
2002,milwaukee,125.0
2002,ozaukee,120.0
2002,racine,123.0
2002,walworth,94.0
2002,washington,122.0
2002,waukesha,117.0
2002,crawford,150.0
2002,grant,166.0
2002,iowa,127.0
2002,lafayette,162.0
2002,richland,142.0
2002,sauk,139.0
2002,vernon,150.0
2002,buffalo,140.0
2002,dunn,141.0
2002,eau claire,130.0
2002,jackson,147.0
2002,la crosse,158.0
2002,monroe,154.0
2002,pepin,146.0
2002,pierce,160.0
2002,st croix,150.0
2002,trempealeau,147.0
2001,adams,93.0
2001,green lake,129.0
2001,juneau,90.0
2001,marquette,90.0
2001,portage,123.0
2001,waupaca,102.0
2001,waushara,122.0
2001,wood,123.0
2001,brown,114.0
2001,calumet,111.0
2001,door,105.0
2001,fond du lac,133.0
2001,kewaunee,114.0
2001,manitowoc,101.0
2001,outagamie,105.0
2001,sheboygan,116.0
2001,winnebago,103.0
2001,clark,121.0
2001,lincoln,104.0
2001,marathon,120.0
2001,price,112.0
2001,taylor,113.0
2001,langlade,98.0
2001,marinette,101.0
2001,oconto,110.0
2001,shawano,112.0
2001,barron,124.0
2001,burnett,101.0
2001,chippewa,130.0
2001,polk,123.0
2001,rusk,126.0
2001,sawyer,118.0
2001,washburn,116.0
2001,columbia,146.0
2001,dane,146.0
2001,dodge,147.0
2001,green,128.0
2001,jefferson,129.0
2001,rock,140.0
2001,kenosha,125.0
2001,milwaukee,114.0
2001,ozaukee,111.0
2001,racine,124.0
2001,walworth,135.0
2001,washington,120.0
2001,waukesha,114.0
2001,crawford,123.0
2001,grant,146.0
2001,iowa,125.0
2001,lafayette,157.0
2001,richland,126.0
2001,sauk,123.0
2001,vernon,122.0
2001,buffalo,125.0
2001,dunn,131.0
2001,eau claire,129.0
2001,jackson,126.0
2001,la crosse,114.0
2001,monroe,109.0
2001,pepin,123.0
2001,pierce,128.0
2001,st croix,117.0
2001,trempealeau,122.0
2000,adams,100.0
2000,green lake,142.0
2000,juneau,128.0
2000,marquette,106.0
2000,portage,136.0
2000,waupaca,131.0
2000,waushara,131.0
2000,wood,122.0
2000,brown,141.0
2000,calumet,136.0
2000,door,122.0
2000,fond du lac,135.0
2000,kewaunee,141.0
2000,manitowoc,134.0
2000,outagamie,139.0
2000,sheboygan,125.0
2000,winnebago,126.0
2000,clark,119.0
2000,lincoln,87.0
2000,marathon,113.0
2000,price,110.0
2000,taylor,110.0
2000,langlade,104.0
2000,marinette,123.0
2000,oconto,121.0
2000,shawano,117.0
2000,barron,108.0
2000,burnett,110.0
2000,chippewa,134.0
2000,polk,125.0
2000,rusk,110.0
2000,sawyer,98.0
2000,washburn,103.0
2000,columbia,145.0
2000,dane,142.0
2000,dodge,141.0
2000,green,132.0
2000,jefferson,128.0
2000,rock,138.0
2000,kenosha,129.0
2000,milwaukee,103.0
2000,ozaukee,128.0
2000,racine,117.0
2000,walworth,134.0
2000,washington,131.0
2000,waukesha,123.0
2000,crawford,134.0
2000,grant,149.0
2000,iowa,120.0
2000,lafayette,149.0
2000,richland,126.0
2000,sauk,123.0
2000,vernon,128.0
2000,buffalo,139.0
2000,dunn,129.0
2000,eau claire,131.0
2000,jackson,130.0
2000,la crosse,134.0
2000,monroe,133.0
2000,pepin,143.0
2000,pierce,124.0
2000,st croix,140.0
2000,trempealeau,136.0
1999,adams,123.0
1999,green lake,153.0
1999,juneau,153.0
1999,marquette,128.0
1999,portage,145.0
1999,waupaca,143.0
1999,waushara,133.0
1999,wood,137.0
1999,brown,158.0
1999,calumet,154.0
1999,door,153.0
1999,fond du lac,149.0
1999,kewaunee,159.0
1999,manitowoc,149.0
1999,outagamie,154.0
1999,sheboygan,143.0
1999,winnebago,136.0
1999,clark,136.0
1999,lincoln,97.0
1999,marathon,134.0
1999,price,102.0
1999,taylor,128.0
1999,langlade,116.0
1999,marinette,139.0
1999,oconto,145.0
1999,shawano,146.0
1999,barron,128.0
1999,burnett,126.0
1999,chippewa,136.0
1999,polk,138.0
1999,rusk,100.0
1999,sawyer,139.0
1999,washburn,133.0
1999,columbia,153.0
1999,dane,152.0
1999,dodge,149.0
1999,green,144.0
1999,jefferson,137.0
1999,rock,143.0
1999,kenosha,116.0
1999,milwaukee,133.0
1999,ozaukee,133.0
1999,racine,110.0
1999,walworth,128.0
1999,washington,139.0
1999,waukesha,123.0
1999,crawford,133.0
1999,grant,149.0
1999,iowa,154.0
1999,lafayette,160.0
1999,richland,146.0
1999,sauk,144.0
1999,vernon,142.0
1999,buffalo,141.0
1999,dunn,138.0
1999,eau claire,143.0
1999,jackson,154.0
1999,la crosse,150.0
1999,monroe,156.0
1999,pepin,152.0
1999,pierce,145.0
1999,st croix,138.0
1999,trempealeau,135.0
1998,adams,116.0
1998,green lake,145.0
1998,juneau,134.0
1998,marquette,107.0
1998,portage,119.0
1998,waupaca,121.0
1998,waushara,116.0
1998,wood,129.0
1998,brown,131.0
1998,calumet,138.0
1998,door,112.0
1998,fond du lac,143.0
1998,kewaunee,131.0
1998,manitowoc,142.0
1998,outagamie,129.0
1998,sheboygan,134.0
1998,winnebago,127.0
1998,clark,123.0
1998,lincoln,99.0
1998,marathon,117.0
1998,price,106.0
1998,taylor,117.0
1998,langlade,85.0
1998,marinette,104.0
1998,oconto,106.0
1998,shawano,119.0
1998,barron,128.0
1998,burnett,88.0
1998,chippewa,118.0
1998,polk,132.0
1998,rusk,107.0
1998,sawyer,85.0
1998,washburn,97.0
1998,columbia,144.0
1998,dane,155.0
1998,dodge,146.0
1998,green,151.0
1998,jefferson,144.0
1998,rock,148.0
1998,kenosha,146.0
1998,milwaukee,137.0
1998,ozaukee,135.0
1998,racine,142.0
1998,walworth,150.0
1998,washington,139.0
1998,waukesha,140.0
1998,crawford,116.0
1998,grant,158.0
1998,iowa,125.0
1998,lafayette,161.0
1998,richland,135.0
1998,sauk,146.0
1998,vernon,138.0
1998,buffalo,145.0
1998,dunn,123.0
1998,eau claire,126.0
1998,jackson,133.0
1998,la crosse,145.0
1998,monroe,127.0
1998,pepin,126.0
1998,pierce,142.0
1998,st croix,137.0
1998,trempealeau,128.0
1997,adams,121.0
1997,green lake,127.0
1997,juneau,126.0
1997,marquette,128.0
1997,portage,137.0
1997,waupaca,123.0
1997,waushara,120.0
1997,wood,132.0
1997,brown,127.0
1997,calumet,129.0
1997,door,119.0
1997,fond du lac,135.0
1997,kewaunee,134.0
1997,manitowoc,128.0
1997,outagamie,128.0
1997,sheboygan,117.0
1997,winnebago,124.0
1997,clark,130.0
1997,lincoln,100.0
1997,marathon,119.0
1997,price,106.0
1997,taylor,123.0
1997,langlade,95.0
1997,marinette,101.0
1997,oconto,119.0
1997,shawano,126.0
1997,barron,128.0
1997,burnett,99.0
1997,chippewa,137.0
1997,polk,130.0
1997,rusk,114.0
1997,sawyer,114.0
1997,washburn,120.0
1997,columbia,138.0
1997,dane,132.0
1997,dodge,134.0
1997,green,142.0
1997,jefferson,135.0
1997,rock,138.0
1997,kenosha,147.0
1997,milwaukee,125.0
1997,ozaukee,110.0
1997,racine,144.0
1997,walworth,134.0
1997,washington,127.0
1997,waukesha,133.0
1997,crawford,132.0
1997,grant,137.0
1997,iowa,124.0
1997,lafayette,143.0
1997,richland,135.0
1997,sauk,135.0
1997,vernon,132.0
1997,buffalo,132.0
1997,dunn,131.0
1997,eau claire,137.0
1997,jackson,130.0
1997,la crosse,132.0
1997,monroe,137.0
1997,pepin,125.0
1997,pierce,142.0
1997,st croix,133.0
1997,trempealeau,138.0
1996,adams,89.0
1996,green lake,103.0
1996,juneau,94.0
1996,marquette,89.0
1996,portage,132.0
1996,waupaca,112.0
1996,waushara,106.0
1996,wood,85.0
1996,brown,77.0
1996,calumet,99.0
1996,door,105.0
1996,fond du lac,116.0
1996,kewaunee,92.0
1996,manitowoc,103.0
1996,outagamie,98.0
1996,sheboygan,89.0
1996,winnebago,91.0
1996,clark,97.0
1996,lincoln,97.0
1996,marathon,93.0
1996,price,99.0
1996,taylor,84.0
1996,langlade,129.0
1996,marinette,93.0
1996,oconto,85.0
1996,shawano,105.0
1996,barron,107.0
1996,burnett,92.0
1996,chippewa,113.0
1996,polk,103.0
1996,rusk,106.0
1996,sawyer,102.0
1996,washburn,100.0
1996,columbia,119.0
1996,dane,122.0
1996,dodge,116.0
1996,green,118.0
1996,jefferson,109.0
1996,rock,129.0
1996,kenosha,104.0
1996,milwaukee,116.0
1996,ozaukee,73.0
1996,racine,93.0
1996,walworth,105.0
1996,washington,101.0
1996,waukesha,115.0
1996,crawford,127.0
1996,grant,110.0
1996,iowa,125.0
1996,lafayette,137.0
1996,richland,111.0
1996,sauk,126.0
1996,vernon,111.0
1996,buffalo,128.0
1996,dunn,118.0
1996,eau claire,120.0
1996,jackson,107.0
1996,la crosse,109.0
1996,monroe,113.0
1996,pepin,127.0
1996,pierce,119.0
1996,st croix,107.0
1996,trempealeau,110.0
1995,adams,99.0
1995,green lake,95.0
1995,juneau,106.0
1995,marquette,95.0
1995,portage,114.0
1995,waupaca,110.0
1995,waushara,99.0
1995,wood,106.0
1995,brown,109.0
1995,calumet,102.0
1995,door,96.0
1995,fond du lac,115.0
1995,kewaunee,100.0
1995,manitowoc,112.0
1995,outagamie,113.0
1995,sheboygan,103.0
1995,winnebago,104.0
1995,clark,115.0
1995,lincoln,106.0
1995,marathon,106.0
1995,price,116.0
1995,taylor,91.0
1995,langlade,117.0
1995,marinette,105.0
1995,oconto,110.0
1995,shawano,110.0
1995,barron,111.0
1995,burnett,99.0
1995,chippewa,115.0
1995,polk,109.0
1995,rusk,110.0
1995,sawyer,117.0
1995,washburn,100.0
1995,columbia,117.0
1995,dane,125.0
1995,dodge,117.0
1995,green,116.0
1995,jefferson,113.0
1995,rock,125.0
1995,kenosha,107.0
1995,milwaukee,100.0
1995,ozaukee,103.0
1995,racine,128.0
1995,walworth,119.0
1995,washington,111.0
1995,waukesha,100.0
1995,crawford,111.0
1995,grant,120.0
1995,iowa,114.0
1995,lafayette,124.0
1995,richland,106.0
1995,sauk,114.0
1995,vernon,108.0
1995,buffalo,119.0
1995,dunn,121.0
1995,eau claire,120.0
1995,jackson,113.0
1995,la crosse,120.0
1995,monroe,110.0
1995,pepin,120.0
1995,pierce,122.0
1995,st croix,116.0
1995,trempealeau,110.0
1994,adams,124.7
1994,green lake,152.6
1994,juneau,139.0
1994,marquette,120.2
1994,portage,138.2
1994,waupaca,122.5
1994,waushara,128.1
1994,wood,127.8
1994,brown,135.0
1994,calumet,150.6
1994,door,121.8
1994,fond du lac,153.3
1994,kewaunee,136.3
1994,manitowoc,148.0
1994,outagamie,134.3
1994,sheboygan,130.1
1994,winnebago,142.6
1994,ashland,108.5
1994,clark,132.4
1994,lincoln,112.3
1994,marathon,132.5
1994,oneida,99.0
1994,price,130.2
1994,taylor,128.7
1994,vilas,100.0
1994,florence,110.0
1994,forest,150.0
1994,langlade,147.6
1994,marinette,114.2
1994,oconto,136.1
1994,shawano,138.4
1994,barron,123.0
1994,bayfield,118.3
1994,burnett,116.4
1994,chippewa,135.5
1994,polk,132.6
1994,rusk,116.4
1994,sawyer,112.0
1994,washburn,121.0
1994,columbia,153.5
1994,dane,148.1
1994,dodge,151.8
1994,green,152.1
1994,jefferson,133.6
1994,rock,156.8
1994,kenosha,145.4
1994,milwaukee,118.6
1994,ozaukee,140.1
1994,racine,149.8
1994,walworth,146.1
1994,washington,131.2
1994,waukesha,148.2
1994,crawford,130.1
1994,grant,141.8
1994,iowa,141.6
1994,lafayette,144.8
1994,richland,136.3
1994,sauk,150.9
1994,vernon,138.1
1994,buffalo,140.4
1994,dunn,135.2
1994,eau claire,136.1
1994,jackson,136.6
1994,la crosse,146.0
1994,monroe,142.8
1994,pepin,126.6
1994,pierce,139.7
1994,st croix,136.9
1994,trempealeau,138.8
1993,adams,90.6
1993,green lake,92.6
1993,juneau,87.7
1993,marquette,82.3
1993,portage,92.5
1993,waupaca,87.9
1993,waushara,88.0
1993,wood,74.4
1993,brown,72.6
1993,calumet,75.0
1993,door,74.8
1993,fond du lac,80.2
1993,kewaunee,75.4
1993,manitowoc,72.8
1993,outagamie,64.4
1993,sheboygan,81.7
1993,winnebago,73.7
1993,ashland,48.4
1993,clark,45.0
1993,iron,32.0
1993,lincoln,43.1
1993,marathon,46.8
1993,oneida,31.3
1993,price,31.5
1993,taylor,37.6
1993,vilas,31.3
1993,florence,47.0
1993,forest,42.0
1993,langlade,65.7
1993,marinette,61.8
1993,oconto,66.7
1993,shawano,72.9
1993,barron,66.5
1993,bayfield,95.0
1993,burnett,58.8
1993,chippewa,74.7
1993,douglas,60.0
1993,polk,69.7
1993,rusk,61.9
1993,sawyer,57.4
1993,washburn,65.8
1993,columbia,103.6
1993,dane,105.6
1993,dodge,100.6
1993,green,104.1
1993,jefferson,100.5
1993,rock,108.1
1993,kenosha,105.3
1993,milwaukee,100.0
1993,ozaukee,90.7
1993,racine,107.8
1993,walworth,105.5
1993,washington,100.9
1993,waukesha,106.1
1993,crawford,98.9
1993,grant,105.5
1993,iowa,98.6
1993,lafayette,104.7
1993,richland,104.6
1993,sauk,102.4
1993,vernon,103.2
1993,buffalo,96.9
1993,dunn,93.7
1993,eau claire,86.7
1993,jackson,86.1
1993,la crosse,96.4
1993,monroe,92.0
1993,pepin,98.0
1993,pierce,90.0
1993,st croix,88.4
1993,trempealeau,92.0
1992,adams,99.4
1992,green lake,103.2
1992,juneau,101.9
1992,marquette,97.2
1992,portage,107.4
1992,waupaca,103.2
1992,waushara,102.4
1992,wood,91.4
1992,brown,98.3
1992,calumet,102.1
1992,door,92.2
1992,fond du lac,96.3
1992,kewaunee,98.7
1992,manitowoc,96.2
1992,outagamie,100.2
1992,sheboygan,96.7
1992,winnebago,102.8
1992,ashland,67.1
1992,clark,79.0
1992,iron,58.5
1992,lincoln,72.8
1992,marathon,77.5
1992,oneida,58.5
1992,price,78.5
1992,taylor,69.0
1992,vilas,58.0
1992,florence,60.0
1992,forest,57.5
1992,langlade,70.5
1992,marinette,76.6
1992,oconto,82.7
1992,shawano,84.4
1992,barron,73.4
1992,bayfield,62.8
1992,burnett,76.0
1992,chippewa,78.1
1992,douglas,74.5
1992,polk,81.7
1992,rusk,58.3
1992,sawyer,58.0
1992,washburn,71.6
1992,columbia,115.2
1992,dane,112.1
1992,dodge,108.2
1992,green,113.4
1992,jefferson,112.8
1992,rock,118.6
1992,kenosha,103.9
1992,milwaukee,113.6
1992,ozaukee,94.3
1992,racine,111.1
1992,walworth,110.1
1992,washington,96.9
1992,waukesha,98.6
1992,crawford,116.6
1992,grant,121.3
1992,iowa,108.6
1992,lafayette,114.6
1992,richland,115.5
1992,sauk,111.5
1992,vernon,118.8
1992,buffalo,103.1
1992,dunn,100.6
1992,eau claire,97.8
1992,jackson,106.7
1992,la crosse,112.8
1992,monroe,102.5
1992,pepin,102.8
1992,pierce,100.0
1992,st croix,97.2
1992,trempealeau,101.4
1991,adams,116.5
1991,green lake,117.7
1991,juneau,120.6
1991,marquette,113.1
1991,portage,113.3
1991,waupaca,111.7
1991,waushara,117.1
1991,wood,107.7
1991,brown,128.7
1991,calumet,135.0
1991,door,118.7
1991,fond du lac,132.1
1991,kewaunee,127.5
1991,manitowoc,131.3
1991,outagamie,129.0
1991,sheboygan,127.6
1991,winnebago,129.0
1991,ashland,94.3
1991,clark,100.0
1991,iron,95.0
1991,lincoln,100.6
1991,marathon,101.2
1991,oneida,80.0
1991,price,102.8
1991,taylor,99.0
1991,vilas,90.0
1991,florence,100.0
1991,forest,108.0
1991,langlade,115.8
1991,marinette,107.6
1991,oconto,106.0
1991,shawano,111.1
1991,barron,109.2
1991,bayfield,104.3
1991,burnett,101.3
1991,chippewa,110.2
1991,douglas,100.0
1991,polk,111.4
1991,rusk,107.8
1991,sawyer,101.5
1991,washburn,100.8
1991,columbia,130.3
1991,dane,124.4
1991,dodge,131.7
1991,green,119.5
1991,jefferson,123.8
1991,rock,116.3
1991,kenosha,97.0
1991,milwaukee,113.7
1991,ozaukee,107.8
1991,racine,96.7
1991,walworth,98.0
1991,washington,116.4
1991,waukesha,110.0
1991,crawford,118.1
1991,grant,126.0
1991,iowa,115.3
1991,lafayette,128.3
1991,richland,117.1
1991,sauk,121.8
1991,vernon,123.3
1991,buffalo,123.3
1991,dunn,119.8
1991,eau claire,119.5
1991,jackson,120.3
1991,la crosse,124.6
1991,monroe,119.5
1991,pepin,119.2
1991,pierce,119.5
1991,st croix,116.6
1991,trempealeau,120.4
1990,adams,106.0
1990,green lake,113.3
1990,juneau,111.8
1990,marquette,106.9
1990,portage,113.5
1990,waupaca,110.4
1990,waushara,109.7
1990,wood,110.0
1990,brown,106.9
1990,calumet,110.4
1990,door,104.2
1990,fond du lac,110.2
1990,kewaunee,105.7
1990,manitowoc,108.2
1990,outagamie,109.1
1990,sheboygan,108.1
1990,winnebago,106.0
1990,ashland,88.6
1990,clark,97.4
1990,iron,95.0
1990,lincoln,89.7
1990,marathon,97.5
1990,oneida,93.3
1990,price,95.7
1990,taylor,92.5
1990,vilas,105.0
1990,florence,86.7
1990,forest,88.0
1990,langlade,105.1
1990,marinette,97.5
1990,oconto,101.1
1990,shawano,104.7
1990,barron,102.8
1990,bayfield,95.0
1990,burnett,96.5
1990,chippewa,103.1
1990,douglas,95.0
1990,polk,106.5
1990,rusk,100.0
1990,sawyer,93.5
1990,washburn,89.4
1990,columbia,127.7
1990,dane,130.2
1990,dodge,127.7
1990,green,127.6
1990,jefferson,125.1
1990,rock,131.8
1990,kenosha,117.6
1990,milwaukee,115.0
1990,ozaukee,107.9
1990,racine,120.5
1990,walworth,121.2
1990,washington,114.7
1990,waukesha,118.6
1990,crawford,123.5
1990,grant,123.7
1990,iowa,126.7
1990,lafayette,127.7
1990,richland,123.4
1990,sauk,123.7
1990,vernon,126.2
1990,buffalo,122.3
1990,dunn,119.6
1990,eau claire,117.1
1990,jackson,122.3
1990,la crosse,124.8
1990,monroe,121.6
1990,pepin,121.0
1990,pierce,117.4
1990,st croix,115.4
1990,trempealeau,123.0
1989,adams,110.5
1989,green lake,112.2
1989,juneau,111.3
1989,marquette,102.6
1989,portage,111.3
1989,waupaca,106.0
1989,waushara,106.2
1989,wood,99.6
1989,brown,97.5
1989,calumet,106.1
1989,door,82.2
1989,fond du lac,108.9
1989,kewaunee,100.0
1989,manitowoc,100.7
1989,outagamie,103.9
1989,sheboygan,104.3
1989,winnebago,104.0
1989,ashland,82.9
1989,clark,84.8
1989,iron,85.0
1989,lincoln,80.0
1989,marathon,85.3
1989,oneida,95.0
1989,price,90.0
1989,taylor,91.6
1989,vilas,90.0
1989,florence,76.7
1989,forest,93.3
1989,langlade,95.4
1989,marinette,82.0
1989,oconto,86.4
1989,shawano,88.5
1989,barron,102.4
1989,bayfield,85.7
1989,burnett,89.5
1989,chippewa,102.2
1989,douglas,85.0
1989,polk,96.6
1989,rusk,96.1
1989,sawyer,87.7
1989,washburn,87.6
1989,columbia,118.9
1989,dane,114.9
1989,dodge,119.4
1989,green,117.8
1989,jefferson,114.0
1989,rock,120.3
1989,kenosha,119.6
1989,milwaukee,130.0
1989,ozaukee,117.1
1989,racine,122.5
1989,walworth,124.5
1989,washington,116.0
1989,waukesha,121.3
1989,crawford,116.8
1989,grant,115.5
1989,iowa,114.5
1989,lafayette,121.5
1989,richland,115.4
1989,sauk,117.7
1989,vernon,116.2
1989,buffalo,117.3
1989,dunn,111.7
1989,eau claire,108.4
1989,jackson,112.7
1989,la crosse,115.4
1989,monroe,114.4
1989,pepin,114.7
1989,pierce,114.9
1989,st croix,108.2
1989,trempealeau,113.2
1988,adams,67.2
1988,green lake,75.9
1988,juneau,62.2
1988,marquette,65.3
1988,portage,88.9
1988,waupaca,74.1
1988,waushara,78.2
1988,wood,66.9
1988,brown,71.2
1988,calumet,72.6
1988,door,64.2
1988,fond du lac,78.4
1988,kewaunee,71.5
1988,manitowoc,69.6
1988,outagamie,81.5
1988,sheboygan,81.5
1988,winnebago,62.1
1988,ashland,61.3
1988,clark,52.6
1988,iron,45.0
1988,lincoln,64.6
1988,marathon,55.6
1988,price,58.1
1988,taylor,52.3
1988,vilas,60.0
1988,florence,67.5
1988,forest,82.5
1988,langlade,99.7
1988,marinette,83.5
1988,oconto,83.8
1988,shawano,79.3
1988,barron,52.8
1988,bayfield,53.3
1988,burnett,45.7
1988,chippewa,57.3
1988,douglas,40.0
1988,polk,41.2
1988,rusk,59.2
1988,sawyer,57.5
1988,washburn,43.9
1988,columbia,72.7
1988,dane,68.7
1988,dodge,77.9
1988,green,56.1
1988,jefferson,61.4
1988,rock,75.1
1988,kenosha,56.2
1988,milwaukee,50.0
1988,ozaukee,61.8
1988,racine,71.8
1988,walworth,64.5
1988,washington,59.7
1988,waukesha,53.3
1988,crawford,56.7
1988,grant,60.4
1988,iowa,61.3
1988,lafayette,58.3
1988,richland,59.7
1988,sauk,68.2
1988,vernon,74.3
1988,buffalo,70.3
1988,dunn,60.0
1988,eau claire,59.4
1988,jackson,59.4
1988,la crosse,77.8
1988,monroe,64.1
1988,pepin,58.5
1988,pierce,56.4
1988,st croix,54.5
1988,trempealeau,68.0
1987,adams,99.9
1987,green lake,113.7
1987,juneau,114.5
1987,marquette,98.0
1987,portage,113.8
1987,waupaca,108.5
1987,waushara,113.3
1987,wood,113.1
1987,brown,121.7
1987,calumet,125.2
1987,door,105.3
1987,fond du lac,123.4
1987,kewaunee,113.0
1987,manitowoc,118.4
1987,outagamie,122.0
1987,sheboygan,118.3
1987,winnebago,114.8
1987,ashland,97.1
1987,clark,121.2
1987,iron,93.2
1987,lincoln,109.6
1987,marathon,121.7
1987,price,115.3
1987,taylor,111.7
1987,vilas,94.0
1987,florence,88.0
1987,forest,100.0
1987,langlade,104.9
1987,marinette,90.1
1987,oconto,95.5
1987,shawano,109.9
1987,barron,113.8
1987,bayfield,92.5
1987,burnett,95.0
1987,chippewa,121.0
1987,douglas,90.0
1987,polk,105.0
1987,rusk,109.3
1987,sawyer,92.6
1987,washburn,103.4
1987,columbia,116.7
1987,dane,119.2
1987,dodge,120.0
1987,green,116.6
1987,jefferson,112.6
1987,rock,114.3
1987,kenosha,122.3
1987,milwaukee,96.0
1987,ozaukee,112.5
1987,racine,123.8
1987,walworth,107.2
1987,washington,118.9
1987,waukesha,120.3
1987,crawford,116.5
1987,grant,130.5
1987,iowa,121.4
1987,lafayette,128.3
1987,richland,117.4
1987,sauk,108.8
1987,vernon,125.9
1987,buffalo,132.2
1987,dunn,125.4
1987,eau claire,114.9
1987,jackson,118.4
1987,la crosse,131.7
1987,monroe,127.5
1987,pepin,122.0
1987,pierce,121.2
1987,st croix,120.6
1987,trempealeau,126.6
1986,adams,100.2
1986,green lake,111.2
1986,juneau,110.2
1986,marquette,97.1
1986,portage,113.6
1986,waupaca,103.8
1986,waushara,117.2
1986,wood,96.9
1986,brown,108.8
1986,calumet,114.3
1986,door,105.2
1986,fond du lac,117.9
1986,kewaunee,109.4
1986,manitowoc,104.5
1986,outagamie,107.2
1986,sheboygan,100.0
1986,winnebago,101.4
1986,ashland,100.0
1986,clark,102.7
1986,iron,90.0
1986,lincoln,97.5
1986,marathon,107.2
1986,price,104.2
1986,taylor,94.9
1986,florence,70.0
1986,forest,92.0
1986,langlade,100.0
1986,marinette,86.2
1986,oconto,97.8
1986,shawano,106.9
1986,barron,105.1
1986,bayfield,95.0
1986,burnett,88.8
1986,chippewa,120.2
1986,douglas,90.0
1986,polk,105.0
1986,rusk,95.6
1986,sawyer,80.0
1986,washburn,94.0
1986,columbia,127.2
1986,dane,131.8
1986,dodge,120.8
1986,green,124.3
1986,jefferson,119.9
1986,rock,135.8
1986,kenosha,127.3
1986,milwaukee,106.7
1986,ozaukee,109.7
1986,racine,131.8
1986,walworth,131.1
1986,washington,115.6
1986,waukesha,123.7
1986,crawford,117.3
1986,grant,127.4
1986,iowa,109.7
1986,lafayette,129.5
1986,richland,120.6
1986,sauk,115.3
1986,vernon,128.2
1986,buffalo,121.8
1986,dunn,121.0
1986,eau claire,107.1
1986,jackson,118.8
1986,la crosse,129.4
1986,monroe,126.8
1986,pepin,114.8
1986,pierce,113.8
1986,st croix,110.3
1986,trempealeau,128.4
1985,adams,97.0
1985,green lake,111.3
1985,juneau,112.3
1985,marquette,93.6
1985,portage,107.3
1985,waupaca,100.8
1985,waushara,120.1
1985,wood,93.7
1985,brown,101.2
1985,calumet,124.3
1985,door,96.0
1985,fond du lac,108.5
1985,kewaunee,105.3
1985,manitowoc,101.1
1985,outagamie,109.5
1985,sheboygan,97.0
1985,winnebago,106.1
1985,ashland,88.9
1985,clark,100.0
1985,iron,93.3
1985,lincoln,87.0
1985,marathon,95.0
1985,price,92.9
1985,taylor,95.6
1985,florence,90.0
1985,forest,93.3
1985,langlade,88.4
1985,marinette,93.3
1985,oconto,91.9
1985,shawano,109.0
1985,barron,88.1
1985,bayfield,90.0
1985,burnett,86.1
1985,chippewa,94.4
1985,douglas,90.0
1985,polk,90.8
1985,rusk,84.5
1985,sawyer,82.4
1985,washburn,82.0
1985,columbia,117.4
1985,dane,114.5
1985,dodge,107.0
1985,green,114.8
1985,jefferson,91.9
1985,rock,117.0
1985,kenosha,131.1
1985,milwaukee,100.7
1985,ozaukee,102.2
1985,racine,97.2
1985,walworth,114.2
1985,washington,100.8
1985,waukesha,70.3
1985,crawford,93.0
1985,grant,113.8
1985,iowa,124.5
1985,lafayette,122.3
1985,richland,104.8
1985,sauk,116.4
1985,vernon,99.0
1985,buffalo,112.6
1985,dunn,106.9
1985,eau claire,97.2
1985,jackson,92.7
1985,la crosse,118.7
1985,monroe,115.7
1985,pepin,100.6
1985,pierce,107.3
1985,st croix,95.9
1985,trempealeau,99.9
1984,adams,104.8
1984,green lake,89.5
1984,juneau,103.6
1984,marquette,94.3
1984,portage,98.1
1984,waupaca,98.1
1984,waushara,107.0
1984,wood,90.6
1984,brown,95.1
1984,calumet,111.8
1984,door,100.9
1984,fond du lac,108.2
1984,kewaunee,109.7
1984,manitowoc,100.5
1984,outagamie,103.6
1984,sheboygan,102.7
1984,winnebago,105.4
1984,ashland,94.0
1984,clark,97.6
1984,iron,89.0
1984,lincoln,89.7
1984,marathon,98.0
1984,price,95.2
1984,taylor,90.9
1984,florence,90.0
1984,forest,90.0
1984,langlade,95.3
1984,marinette,96.0
1984,oconto,96.9
1984,shawano,104.1
1984,barron,90.3
1984,bayfield,76.6
1984,burnett,73.6
1984,chippewa,111.6
1984,douglas,97.0
1984,polk,102.3
1984,rusk,87.6
1984,sawyer,92.0
1984,washburn,70.0
1984,columbia,104.6
1984,dane,115.2
1984,dodge,114.2
1984,green,117.8
1984,jefferson,101.5
1984,rock,108.4
1984,kenosha,113.8
1984,milwaukee,103.1
1984,ozaukee,96.7
1984,racine,103.4
1984,walworth,108.2
1984,washington,97.3
1984,waukesha,95.6
1984,crawford,100.9
1984,grant,104.8
1984,iowa,109.9
1984,lafayette,127.1
1984,richland,103.7
1984,sauk,94.6
1984,vernon,110.0
1984,buffalo,108.6
1984,dunn,111.3
1984,eau claire,103.2
1984,jackson,108.2
1984,la crosse,116.0
1984,monroe,113.9
1984,pepin,109.2
1984,pierce,106.1
1984,st croix,102.9
1984,trempealeau,115.6
